	precision	recall	f1-score	support
Acessibilidade	0.6666666666666666	1.0	0.8	2.0
Acessórios Hidráulicos	1.0	0.4	0.5714285714285714	5.0
Acessórios de Portas e Janelas	0.9333333333333333	0.9333333333333333	0.9333333333333333	15.0
Acessórios e Conexões Elétricas	1.0	0.9142857142857143	0.9552238805970149	35.0
Acessórios e Consumíveis para Ferramentas	0.8333333333333334	0.8823529411764706	0.8571428571428571	17.0
Adesivos e Colas	1.0	0.9166666666666666	0.9565217391304348	12.0
Aduela de Concreto	1.0	1.0	1.0	17.0
Anéis de Vedação	1.0	1.0	1.0	3.0
Aquecedores de Água	0.6666666666666666	1.0	0.8	2.0
Ar Condicionado	1.0	1.0	1.0	26.0
Areia, Pedra Brita, Gesso, Cal e Argila	0.9375	0.8333333333333334	0.8823529411764706	18.0
Argamassas	0.8888888888888888	0.8888888888888888	0.8888888888888888	9.0
Armazenamento, Captação e Tratamento de Água	0.8333333333333334	1.0	0.9090909090909091	10.0
Artefatos de Concreto	0.8648648648648649	1.0	0.927536231884058	32.0
Assentos Sanitários	1.0	1.0	1.0	4.0
Automação Industrial	0.8888888888888888	1.0	0.9411764705882353	16.0
Aços para Construção	0.7777777777777778	0.7	0.7368421052631579	10.0
Barras e tubos INOX	1.0	0.5	0.6666666666666666	4.0
Barras, Tubos e Chapas Metalon	0.8181818181818182	0.8181818181818182	0.8181818181818182	11.0
Barreiras de Proteção	1.0	1.0	1.0	5.0
Baterias	0.8333333333333334	1.0	0.9090909090909091	5.0
Blocos Cerâmicos	0.8333333333333334	1.0	0.9090909090909091	5.0
Blocos de Concreto	0.8823529411764706	0.8333333333333334	0.8571428571428571	18.0
Cabos Elétricos	0.9594594594594594	0.993006993006993	0.9759450171821306	143.0
Caixas de Esgoto	0.75	0.6	0.6666666666666666	5.0
Calhas, Rufos e Algerosas	1.0	0.75	0.8571428571428571	8.0
Canos de Concreto	0.9183673469387755	0.9782608695652174	0.9473684210526315	46.0
Canos e Conexões Hidráulicas	0.9402173913043478	0.9664804469273743	0.953168044077135	179.0
Cercados e Segurança	0.8571428571428571	0.9	0.8780487804878049	20.0
Chapa em alumínio	1.0	0.5	0.6666666666666666	4.0
Chapas e Painéis	0.9444444444444444	1.0	0.9714285714285714	17.0
Cimentos	1.0	0.8	0.8888888888888888	10.0
Cintas, Cabos, Cordas, Correntes e Acessórios	1.0	0.6666666666666666	0.8	3.0
Combate a Incêndio	1.0	1.0	1.0	3.0
Concreto	1.0	0.5	0.6666666666666666	4.0
Condutos	1.0	0.75	0.8571428571428571	4.0
Construção Civil	1.0	0.8461538461538461	0.9166666666666666	26.0
Conteineres	1.0	1.0	1.0	5.0
Câmeras de Segurança e CFTV	1.0	1.0	1.0	3.0
Disjuntores e Fusíveis	0.95	0.926829268292683	0.9382716049382716	41.0
Dutos e conexões PEAD	0.8571428571428571	1.0	0.9230769230769231	6.0
EPI: Equipamentos Proteção Individual	0.8974358974358975	0.9210526315789473	0.9090909090909091	38.0
Eletrocalhas	0.7222222222222222	1.0	0.8387096774193549	13.0
Eletrodomésticos	1.0	0.5	0.6666666666666666	2.0
Elevador Cremalheira	1.0	1.0	1.0	3.0
Equipamentos	1.0	0.75	0.8571428571428571	4.0
Equipamentos para Construção	0.3333333333333333	0.25	0.2857142857142857	4.0
Equipamentos para Gases Medicinais	1.0	1.0	1.0	3.0
Escadas Móveis	1.0	1.0	1.0	3.0
Esportes e Lazer	1.0	0.5	0.6666666666666666	2.0
Fechaduras e Travas	1.0	1.0	1.0	6.0
Ferragens para Fixar e Montar	0.9090909090909091	0.7407407407407407	0.8163265306122449	27.0
Ferramentas   para Pintura	0.9166666666666666	1.0	0.9565217391304348	11.0
Ferramentas Elétricas/Bateria	0.75	0.5	0.6	6.0
Ferramentas Manuais	0.9393939393939394	0.96875	0.9538461538461539	32.0
Ferramentas de Medição	0.8333333333333334	0.8333333333333334	0.8333333333333334	6.0
Ferramentas para Construção	0.9090909090909091	0.9090909090909091	0.9090909090909091	11.0
Ferramentas para Jardim	1.0	0.6666666666666666	0.8	9.0
Ferramentas para Solda	0.6666666666666666	1.0	0.8	2.0
Fitas	1.0	1.0	1.0	6.0
Fontes de Energia	1.0	0.9166666666666666	0.9565217391304348	12.0
Formas	1.0	0.8333333333333334	0.9090909090909091	6.0
Forros	1.0	1.0	1.0	4.0
Gesso e Drywall	1.0	1.0	1.0	8.0
Impermeabilizantes	0.3333333333333333	0.3333333333333333	0.3333333333333333	3.0
Infraestrutura	1.0	0.6	0.75	5.0
Isolamento	1.0	1.0	1.0	2.0
Lona, Papelão e Plástico Bolha	0.75	0.75	0.75	4.0
Lâmpadas	1.0	1.0	1.0	36.0
Madeiras para Construção	1.0	1.0	1.0	8.0
Manta e Produtos Asfálticos	0.6666666666666666	0.5	0.5714285714285714	4.0
Marmores e Granitos	1.0	1.0	1.0	2.0
Massa Corrida e Niveladora	1.0	1.0	1.0	3.0
Medição e instrumentação	1.0	1.0	1.0	3.0
Nobreaks	1.0	1.0	1.0	4.0
Outros	1.0	1.0	1.0	2.0
Painéis Fotovoltaicos	1.0	1.0	1.0	3.0
Para Raios e SPDA	0.875	0.9130434782608695	0.8936170212765957	23.0
Parafusos e acessórios	0.9411764705882353	1.0	0.9696969696969697	48.0
Perfis e chapas em aço carbono	0.8	1.0	0.8888888888888888	20.0
Pias e Lavatórios	1.0	1.0	1.0	4.0
Piso Elevado	0.6666666666666666	1.0	0.8	2.0
Pisos Cerâmicos	1.0	0.6666666666666666	0.8	3.0
Pisos Laminados	1.0	1.0	1.0	2.0
Pisos de concreto	0.8181818181818182	0.9	0.8571428571428571	10.0
Placa de obra	0.6666666666666666	1.0	0.8	2.0
Porcelanatos	0.75	1.0	0.8571428571428571	3.0
Portas e esquadrias	0.9090909090909091	1.0	0.9523809523809523	10.0
Poste Metálico	0.8421052631578947	1.0	0.9142857142857143	16.0
Poste de Concreto	0.9782608695652174	0.9375	0.9574468085106383	48.0
Poste de madeira	1.0	1.0	1.0	2.0
Produtos para Limpeza	0.6666666666666666	0.8	0.7272727272727273	10.0
Proteções Elétricas	0.8095238095238095	0.85	0.8292682926829268	20.0
Pré-moldados	1.0	1.0	1.0	2.0
Quadros e Caixas Elétricas	0.9047619047619048	0.95	0.926829268292683	20.0
Ralos e Grelhas	0.7142857142857143	0.8333333333333334	0.7692307692307693	6.0
Refletores	1.0	1.0	1.0	10.0
Registros e Bases	0.8571428571428571	0.9230769230769231	0.8888888888888888	13.0
Revestimentos Externos	1.0	0.6666666666666666	0.8	3.0
Rodapés	1.0	0.75	0.8571428571428571	4.0
Sanitário	0.8	0.8	0.8	10.0
Serviços Mecânicos	0.6666666666666666	1.0	0.8	2.0
Sinalização, Letras e Números	0.75	1.0	0.8571428571428571	3.0
Sistemas	1.0	1.0	1.0	6.0
Subestações e Alta Tensão	0.875	0.875	0.875	8.0
Tampões e Grelhas	0.6666666666666666	0.5	0.5714285714285714	4.0
Tela, cerca e gabião em aço	1.0	0.625	0.7692307692307693	8.0
Telhas	1.0	0.9523809523809523	0.975609756097561	21.0
Tijolos e Blocos Estruturais	1.0	0.8888888888888888	0.9411764705882353	9.0
Tintas	0.95	1.0	0.9743589743589743	19.0
Tomadas, interruptores e plugues	0.9705882352941176	0.9705882352941176	0.9705882352941176	34.0
Torneiras	1.0	1.0	1.0	5.0
Transformadores de Energia	1.0	1.0	1.0	28.0
Transportes	0.9	1.0	0.9473684210526315	9.0
Tubos e Eletrodutos	0.9024390243902439	0.9024390243902439	0.9024390243902439	41.0
Tubos e conexões	0.6666666666666666	1.0	0.8	2.0
Tubos e conexões industriais	0.9333333333333333	0.7	0.8	20.0
Usina de Asfalto	0.6	1.0	0.75	3.0
Vegetação	0.0	0.0	0.0	2.0
Verniz e Solvente	1.0	0.8571428571428571	0.9230769230769231	7.0
Vidros	1.0	1.0	1.0	7.0
maquinas pesadas	1.0	1.0	1.0	5.0
Água Fria	0.8666666666666667	0.6842105263157895	0.7647058823529411	19.0
accuracy	0.9191797346200241	0.9191797346200241	0.9191797346200241	0.9191797346200241
macro avg	0.8960164251173012	0.8716803194062893	0.8723715834173095	1658.0
weighted avg	0.923826104917112	0.9191797346200241	0.9170294354253797	1658.0
